{"(0, 100)": 0.0, "(100, 500)": 93.27354260089686, "(500, inf)": 6.726457399103139, "total_requests": 223}