{"(0, 100)": 0.0, "(100, 500)": 55.88235294117647, "(500, inf)": 44.11764705882353, "total_requests": 68}