{"(0, 100)": 0.0, "(101, 500)": 83.33333333333334, "(501, None)": 16.666666666666664}